Model,CV_F1_Score
Random Forest,0.9453264912582297
Gradient Boosting,0.9415881603573283
Logistic Regression,0.9372427726432351
Naive Bayes,0.9160325948561242
Decision Tree,0.8952234873065503
KNN,0.889634724857685
SVM,0.8823883374689828
